,IP Address,Country,City,Data Center,Host,
,139.162.144.60,Germany,Frankfurt,Frankfurt,Linode,
,139.162.89.243,Japan,Tokyo,Tokyo2,Linode,
,139.162.60.174,Singapore,Singapore,Singapore,Linode,
,178.79.149.118,United Kingdom,London,London,Linode,
,198.74.53.211,United States,Atlanta,Atlanta,Linode,
,198.58.96.89,United States,Dallas,Dallas,Linode,
,45.79.96.188,United States,Fremont,Fremont,Linode,
,45.33.94.10,United States,Newark,Newark,Linode,
,34.227.117.193,United States,Virginia,us-east-1d,AWS,
,13.58.112.22,United States,Ohio,us-east-2c,AWS,
,3.16.26.63    ,United States,Ohio,us-east-2c,AWS,
,13.233.146.93 ,India,Mumbai,ap-south-1b,AWS,
,54.194.201.112,Ireland,Ireland,eu-west-1c,AWS,
,35.180.92.224 ,France,Paris,eu-west-3c,AWS,
,18.231.118.227,Brazil,Sao Paulo,sa-east-1a,AWS,
,159.203.25.147,Canada,Toronto,TOR1,Digital Ocean,
,46.101.137.25 ,Germany,Frankfurt,FRA1,Digital Ocean,
,178.128.16.210,Singapore,Singapore,SGP1,Digital Ocean,
,139.59.0.163  ,India,Bangalore,BLR1,Digital Ocean,
,178.128.65.171,United States,San Fransisco,SFO2,Digital Ocean,
,104.248.14.158,United States,New York,NYC3,Digital Ocean,
,46.101.197.7  ,Germany,Frankfurt,FRA1,Digital Ocean,
,68.183.19.156 ,United States,New York,NYC1,Digital Ocean,
,68.183.19.89  ,United States,New York,NYC1,Digital Ocean,
,159.89.138.253,United States,San Fransisco,SFO2,Digital Ocean,
,68.183.23.28  ,United States,New York,NYC1,Digital Ocean,
,52.187.227.181,Australia,,AustraliaEast,Azure,
,40.127.96.204,Europe,,NorthEurope,Azure,
,40.89.142.176,France,,FranceCentral,Azure,
,52.231.70.112,Korea,,KoreaCentral,Azure,
,52.231.157.95,Korea,,KoreaSouth,Azure,
,40.114.125.90,United States,,USEast,Azure,
,104.210.56.208,United States,,USWest,Azure,
,40.122.35.87,United States,,USCentral,Azure,
,40.89.139.172,France,,FranceCentral,Azure,
,40.127.100.160,Europe,,NorthEurope,Azure,
,104.211.24.159,United States,,USEast,Azure,
,52.246.162.236,Japan,,JapanEeast,Azure,
,104.210.14.229,United States,,USEast2,Azure,
,52.231.73.142,Korea,,KoreaCentral,Azure,
,51.140.206.55,United Kingdom,,UKWest,Azure,
,168.61.22.189,United States,,USWest,Azure,